<krpano version="1.19" title="Agilibility Virtual Tour">

	<include url="skin/vtourskin.xml" />


	<!-- customize skin settings: maps, gyro, webvr, thumbnails, tooltips, layout, design, ... -->
	<skin_settings maps="false"
	               maps_type="google"
	               maps_bing_api_key=""
	               maps_zoombuttons="false"
	               gyro="true"
	               webvr="true"
	               littleplanetintro="false"
	               title="true"
	               thumbs="true"
	               thumbs_width="120" thumbs_height="80" thumbs_padding="10" thumbs_crop="0|40|240|160"
	               thumbs_opened="false"
	               thumbs_text="false"
	               thumbs_dragging="true"
	               thumbs_onhoverscrolling="false"
	               thumbs_scrollbuttons="false"
	               thumbs_scrollindicator="false"
	               thumbs_loop="false"
	               tooltips_buttons="false"
	               tooltips_thumbs="false"
	               tooltips_hotspots="false"
	               tooltips_mapspots="false"
	               deeplinking="false"
	               loadscene_flags="MERGE"
	               loadscene_blend="OPENBLEND(0.5, 0.0, 0.75, 0.05, linear)"
	               loadscene_blend_prev="SLIDEBLEND(0.5, 180, 0.75, linear)"
	               loadscene_blend_next="SLIDEBLEND(0.5,   0, 0.75, linear)"
	               loadingtext="loading..."
	               layout_width="100%"
	               layout_maxwidth="814"
	               controlbar_width="-24"
	               controlbar_height="40"
	               controlbar_offset="20"
	               controlbar_offset_closed="-40"
	               controlbar_overlap.no-fractionalscaling="10"
	               controlbar_overlap.fractionalscaling="0"
	               design_skin_images="vtourskin.png"
	               design_bgcolor="0x2D3E50"
	               design_bgalpha="0.8"
	               design_bgborder="0"
	               design_bgroundedge="1"
	               design_bgshadow="0 4 10 0x000000 0.3"
	               design_thumbborder_bgborder="3 0xFFFFFF 1.0"
	               design_thumbborder_padding="2"
	               design_thumbborder_bgroundedge="0"
	               design_text_css="color:#FFFFFF; font-family:Arial;"
	               design_text_shadow="1"
	               />

	<!--
	    For an alternative skin design either change the <skin_settings> values 
	    from above or optionally include one of the predefined designs from below.
	-->
	<!-- <include url="skin/vtourskin_design_flat_light.xml"  /> -->
	<!-- <include url="skin/vtourskin_design_glass.xml"       /> -->
	<!-- <include url="skin/vtourskin_design_ultra_light.xml" /> -->
	<!-- <include url="skin/vtourskin_design_117.xml"         /> -->
	<!-- <include url="skin/vtourskin_design_117round.xml"    /> -->
	<!-- <include url="skin/vtourskin_design_black.xml"       /> -->


	<!-- startup action - load the first scene -->
	<action name="startup" autorun="onstart">
		if(startscene === null OR !scene[get(startscene)], copy(startscene,scene[0].name); );
		loadscene(get(startscene), null, MERGE);
		if(startactions !== null, startactions() );
	</action>

<scene name="scene_dining_room_fixed" title="dining room fixed" onstart="" thumburl="panos/dining_room_fixed.tiles/thumb.jpg" lat="" lng="" heading="">

		<view hlookat="42.354" vlookat="-2.050" fovtype="MFOV" fov="119.834" maxpixelzoom="2.0" fovmin="70" fovmax="140" limitview="auto" />

		<preview url="panos/dining_room_fixed.tiles/preview.jpg" />

		<image>
			<cube url="panos/dining_room_fixed.tiles/pano_%s.jpg" />

			<cube url="panos/dining_room_fixed.tiles/mobile/pano_%s.jpg" devices="mobile" />
		</image>

		<!-- place your scene hotspots here -->
		<hotspot name="spot1" style="skin_hotspotstyle" ath="4.581" atv="23.123" linkedscene="scene_living_room_fixed" />
		<hotspot name="spot2" style="skin_hotspotstyle" ath="79.395" atv="26.020" linkedscene="scene_kitchenfixed" />
		<hotspot name="spot3" style="skin_hotspotstyle" ath="-17.575" atv="7.962" linkedscene="scene_loft_fixed" />
		<hotspot name="spot4" style="skin_hotspotstyle" ath="-71.271" atv="26.057" linkedscene="scene_hallwayfixed" />

	</scene>
	
	<scene name="scene_bathroom1fixed" title="bathroom1fixed" onstart="" thumburl="panos/bathroom1fixed.tiles/thumb.jpg" lat="" lng="" heading="">

		<view hlookat="0" vlookat="0" fovtype="MFOV" fov="120" maxpixelzoom="2.0" fovmin="70" fovmax="140" limitview="auto" />

		<preview url="panos/bathroom1fixed.tiles/preview.jpg" />

		<image>
			<cube url="panos/bathroom1fixed.tiles/pano_%s.jpg" />

			<cube url="panos/bathroom1fixed.tiles/mobile/pano_%s.jpg" devices="mobile" />
		</image>

		<!-- place your scene hotspots here -->
		<hotspot name="spot1" style="skin_hotspotstyle" ath="71.683" atv="37.376" linkedscene="scene_hallwayfixed" />
		<hotspot name="spot2" style="skin_hotspotstyle" ath="-11.547" atv="22.942" linkedscene="scene_bedroom1fixed" />

	</scene>

	<scene name="scene_bedroom1fixed" title="bedroom1fixed" onstart="" thumburl="panos/bedroom1fixed.tiles/thumb.jpg" lat="" lng="" heading="">

		<view hlookat="0" vlookat="0" fovtype="MFOV" fov="120" maxpixelzoom="2.0" fovmin="70" fovmax="140" limitview="auto" />

		<preview url="panos/bedroom1fixed.tiles/preview.jpg" />

		<image>
			<cube url="panos/bedroom1fixed.tiles/pano_%s.jpg" />

			<cube url="panos/bedroom1fixed.tiles/mobile/pano_%s.jpg" devices="mobile" />
		</image>

		<!-- place your scene hotspots here -->
		<hotspot name="spot1" style="skin_hotspotstyle" ath="-163.127" atv="40.320" linkedscene="scene_bathroom1fixed" />
		<hotspot name="spot2" style="skin_hotspotstyle" ath="123.895" atv="33.470" linkedscene="scene_hallwayfixed" />

	</scene>

	<scene name="scene_fitness_fixed" title="fitness fixed" onstart="" thumburl="panos/fitness_fixed.tiles/thumb.jpg" lat="" lng="" heading="">

		<view hlookat="0" vlookat="0" fovtype="MFOV" fov="120" maxpixelzoom="2.0" fovmin="70" fovmax="140" limitview="auto" />

		<preview url="panos/fitness_fixed.tiles/preview.jpg" />

		<image>
			<cube url="panos/fitness_fixed.tiles/pano_%s.jpg" />

			<cube url="panos/fitness_fixed.tiles/mobile/pano_%s.jpg" devices="mobile" />
		</image>

		<!-- place your scene hotspots here -->

	</scene>

	<scene name="scene_hallwayfixed" title="hallwayfixed" onstart="" thumburl="panos/hallwayfixed.tiles/thumb.jpg" lat="" lng="" heading="">

		<view hlookat="0" vlookat="0" fovtype="MFOV" fov="120" maxpixelzoom="2.0" fovmin="70" fovmax="140" limitview="auto" />

		<preview url="panos/hallwayfixed.tiles/preview.jpg" />

		<image>
			<cube url="panos/hallwayfixed.tiles/pano_%s.jpg" />

			<cube url="panos/hallwayfixed.tiles/mobile/pano_%s.jpg" devices="mobile" />
		</image>

		<!-- place your scene hotspots here -->
		<hotspot name="spot1" style="skin_hotspotstyle" ath="116.514" atv="18.895" linkedscene="scene_bedroom1fixed" />
		<hotspot name="spot2" style="skin_hotspotstyle" ath="-63.203" atv="28.776" linkedscene="scene_master_bedroom_fixed" />
		<hotspot name="spot3" style="skin_hotspotstyle" ath="129.561" atv="29.933" linkedscene="scene_dining_room_fixed" />

	</scene>

	<scene name="scene_kitchenfixed" title="kitchenfixed" onstart="" thumburl="panos/kitchenfixed.tiles/thumb.jpg" lat="" lng="" heading="">

		<view hlookat="0" vlookat="0" fovtype="MFOV" fov="120" maxpixelzoom="2.0" fovmin="70" fovmax="140" limitview="auto" />

		<preview url="panos/kitchenfixed.tiles/preview.jpg" />

		<image>
			<cube url="panos/kitchenfixed.tiles/pano_%s.jpg" />

			<cube url="panos/kitchenfixed.tiles/mobile/pano_%s.jpg" devices="mobile" />
		</image>

		<!-- place your scene hotspots here -->
		<hotspot name="spot1" style="skin_hotspotstyle" ath="-78.536" atv="24.872" linkedscene="scene_dining_room_fixed" />

	</scene>

	<scene name="scene_living_room_fixed" title="living room fixed" onstart="" thumburl="panos/living_room_fixed.tiles/thumb.jpg" lat="" lng="" heading="">

		<view hlookat="0" vlookat="0" fovtype="MFOV" fov="120" maxpixelzoom="2.0" fovmin="70" fovmax="140" limitview="auto" />

		<preview url="panos/living_room_fixed.tiles/preview.jpg" />

		<image>
			<cube url="panos/living_room_fixed.tiles/pano_%s.jpg" />

			<cube url="panos/living_room_fixed.tiles/mobile/pano_%s.jpg" devices="mobile" />
		</image>

		<!-- place your scene hotspots here -->
		<hotspot name="spot1" style="skin_hotspotstyle" ath="-5.526" atv="15.865" linkedscene="scene_loft_fixed" />
		<hotspot name="spot2" style="skin_hotspotstyle" ath="-129.400" atv="18.198" linkedscene="scene_dining_room_fixed" />

	</scene>

	<scene name="scene_loft_fixed" title="loft fixed" onstart="" thumburl="panos/loft_fixed.tiles/thumb.jpg" lat="" lng="" heading="">

		<view hlookat="0" vlookat="0" fovtype="MFOV" fov="120" maxpixelzoom="2.0" fovmin="70" fovmax="140" limitview="auto" />

		<preview url="panos/loft_fixed.tiles/preview.jpg" />

		<image>
			<cube url="panos/loft_fixed.tiles/pano_%s.jpg" />

			<cube url="panos/loft_fixed.tiles/mobile/pano_%s.jpg" devices="mobile" />
		</image>

		<!-- place your scene hotspots here -->
		<hotspot name="spot1" style="skin_hotspotstyle" ath="1.842" atv="30.553" linkedscene="scene_living_room_fixed" />

	</scene>

	<scene name="scene_master_bathroom_fixed" title="master bathroom fixed" onstart="" thumburl="panos/master_bathroom_fixed.tiles/thumb.jpg" lat="" lng="" heading="">

		<view hlookat="0" vlookat="0" fovtype="MFOV" fov="120" maxpixelzoom="2.0" fovmin="70" fovmax="140" limitview="auto" />

		<preview url="panos/master_bathroom_fixed.tiles/preview.jpg" />

		<image>
			<cube url="panos/master_bathroom_fixed.tiles/pano_%s.jpg" />

			<cube url="panos/master_bathroom_fixed.tiles/mobile/pano_%s.jpg" devices="mobile" />
		</image>

		<!-- place your scene hotspots here -->
		<hotspot name="spot1" style="skin_hotspotstyle" ath="141.589" atv="30.828" linkedscene="scene_master_bedroom_fixed" />

	</scene>

	<scene name="scene_master_bedroom_fixed" title="master bedroom fixed" onstart="" thumburl="panos/master_bedroom_fixed.tiles/thumb.jpg" lat="" lng="" heading="">

		<view hlookat="0" vlookat="0" fovtype="MFOV" fov="120" maxpixelzoom="2.0" fovmin="70" fovmax="140" limitview="auto" />

		<preview url="panos/master_bedroom_fixed.tiles/preview.jpg" />

		<image>
			<cube url="panos/master_bedroom_fixed.tiles/pano_%s.jpg" />

			<cube url="panos/master_bedroom_fixed.tiles/mobile/pano_%s.jpg" devices="mobile" />
		</image>

		<!-- place your scene hotspots here -->
		<hotspot name="spot1" style="skin_hotspotstyle" ath="12.225" atv="23.840" linkedscene="scene_master_bathroom_fixed" />
		<hotspot name="spot2" style="skin_hotspotstyle" ath="56.132" atv="32.251" linkedscene="scene_hallwayfixed" />

	</scene>


</krpano>
